{
  "options": {
    "noColor": false,
    "summaryTrendStats": [
      "avg",
      "min",
      "med",
      "max",
      "p(90)",
      "p(95)"
    ],
    "summaryTimeUnit": ""
  },
  "state": {
    "isStdOutTTY": true,
    "isStdErrTTY": true,
    "testRunDurationMs": 120250.179
  },
  "metrics": {
    "http_req_sending": {
      "type": "trend",
      "contains": "time",
      "values": {
        "med": 0.012,
        "max": 3.326,
        "p(90)": 0.02,
        "p(95)": 0.024,
        "avg": 0.013717910447760431,
        "min": 0.002
      }
    },
    "http_reqs": {
      "values": {
        "count": 20100,
        "rate": 167.1515183357856
      },
      "type": "counter",
      "contains": "default"
    },
    "http_req_receiving": {
      "contains": "time",
      "values": {
        "avg": 0.11613711442785887,
        "min": 0.007,
        "med": 0.041,
        "max": 70.402,
        "p(90)": 0.082,
        "p(95)": 0.099
      },
      "type": "trend"
    },
    "vus": {
      "type": "gauge",
      "contains": "default",
      "values": {
        "value": 5,
        "min": 5,
        "max": 10
      }
    },
    "http_req_blocked": {
      "contains": "time",
      "values": {
        "max": 1.933,
        "p(90)": 0.005,
        "p(95)": 0.005,
        "avg": 0.004044427860696561,
        "min": 0,
        "med": 0.002
      },
      "type": "trend"
    },
    "data_sent": {
      "type": "counter",
      "contains": "data",
      "values": {
        "count": 3242710,
        "rate": 26966.363185205737
      }
    },
    "data_received": {
      "type": "counter",
      "contains": "data",
      "values": {
        "count": 52959137,
        "rate": 440407.96812452143
      }
    },
    "iteration_duration": {
      "type": "trend",
      "contains": "time",
      "values": {
        "avg": 11987.172984559997,
        "min": 11125.381792,
        "med": 11998.213874500001,
        "max": 12679.391209,
        "p(90)": 12352.6507661,
        "p(95)": 12422.9512035
      }
    },
    "http_req_duration": {
      "type": "trend",
      "contains": "time",
      "values": {
        "max": 171.156,
        "p(90)": 83.2551,
        "p(95)": 92.79219999999998,
        "avg": 59.47325542288528,
        "min": 15.793,
        "med": 56.673500000000004
      }
    },
    "http_req_connecting": {
      "type": "trend",
      "contains": "time",
      "values": {
        "p(90)": 0,
        "p(95)": 0,
        "avg": 0.000542587064676617,
        "min": 0,
        "med": 0,
        "max": 0.745
      }
    },
    "http_req_failed": {
      "contains": "default",
      "values": {
        "rate": 0,
        "passes": 0,
        "fails": 20100
      },
      "type": "rate"
    },
    "http_req_duration{expected_response:true}": {
      "contains": "time",
      "values": {
        "min": 15.793,
        "med": 56.673500000000004,
        "max": 171.156,
        "p(90)": 83.2551,
        "p(95)": 92.79219999999998,
        "avg": 59.47325542288528
      },
      "type": "trend"
    },
    "http_req_waiting": {
      "type": "trend",
      "contains": "time",
      "values": {
        "min": 10.483,
        "med": 56.6025,
        "max": 171.049,
        "p(90)": 83.15910000000001,
        "p(95)": 92.68304999999997,
        "avg": 59.343400398010075
      }
    },
    "iterations": {
      "type": "counter",
      "contains": "default",
      "values": {
        "count": 100,
        "rate": 0.8315995937103761
      }
    },
    "vus_max": {
      "contains": "default",
      "values": {
        "value": 10,
        "min": 10,
        "max": 10
      },
      "type": "gauge"
    },
    "http_req_tls_handshaking": {
      "values": {
        "avg": 0,
        "min": 0,
        "med": 0,
        "max": 0,
        "p(90)": 0,
        "p(95)": 0
      },
      "type": "trend",
      "contains": "time"
    },
    "checks": {
      "type": "rate",
      "contains": "default",
      "values": {
        "rate": 1,
        "passes": 20100,
        "fails": 0
      }
    }
  },
  "root_group": {
    "id": "d41d8cd98f00b204e9800998ecf8427e",
    "groups": [],
    "checks": [
        {
          "fails": 0,
          "name": "is status 200, fetchItems",
          "path": "::is status 200, fetchItems",
          "id": "a2f837da6261d10273a5fbd517609df4",
          "passes": 100
        },
        {
          "name": "is status 200, addItemToCart",
          "path": "::is status 200, addItemToCart",
          "id": "517fffb5d3ddfe65d6398d85732fb374",
          "passes": 10000,
          "fails": 0
        },
        {
          "id": "ebc7463bc0da4d42e0a3893f04499c1d",
          "passes": 10000,
          "fails": 0,
          "name": "is status 200, removeItemFromCart",
          "path": "::is status 200, removeItemFromCart"
        }
      ],
    "name": "",
    "path": ""
  }
}