{
  "metrics": {
    "http_reqs": {
      "values": {
        "count": 20100,
        "rate": 85.06142782953211
      },
      "type": "counter",
      "contains": "default"
    },
    "http_req_sending": {
      "type": "trend",
      "contains": "time",
      "values": {
        "p(95)": 0.033,
        "avg": 0.01893945273631725,
        "min": 0.003,
        "med": 0.017,
        "max": 1.638,
        "p(90)": 0.028
      }
    },
    "http_req_waiting": {
      "contains": "time",
      "values": {
        "max": 398.14,
        "p(90)": 163.24530000000001,
        "p(95)": 181.22394999999995,
        "avg": 116.80358527363227,
        "min": 16.372,
        "med": 112.074
      },
      "type": "trend"
    },
    "iterations": {
      "type": "counter",
      "contains": "default",
      "values": {
        "count": 100,
        "rate": 0.423191183231503
      }
    },
    "http_req_failed": {
      "contains": "default",
      "values": {
        "rate": 0,
        "passes": 0,
        "fails": 20100
      },
      "type": "rate"
    },
    "data_received": {
      "type": "counter",
      "contains": "data",
      "values": {
        "count": 51004267,
        "rate": 215845.56101585503
      }
    },
    "iteration_duration": {
      "type": "trend",
      "contains": "time",
      "values": {
        "avg": 23562.29239337,
        "min": 22291.077875,
        "med": 23579.783104000002,
        "max": 24610.994166,
        "p(90)": 24188.7305,
        "p(95)": 24307.89031875
      }
    },
    "http_req_duration": {
      "type": "trend",
      "contains": "time",
      "values": {
        "p(90)": 163.354,
        "p(95)": 181.40384999999998,
        "avg": 117.00300880597065,
        "min": 32.517,
        "med": 112.1625,
        "max": 398.212
      }
    },
    "http_req_duration{expected_response:true}": {
      "type": "trend",
      "contains": "time",
      "values": {
        "avg": 117.00300880597065,
        "min": 32.517,
        "med": 112.1625,
        "max": 398.212,
        "p(90)": 163.354,
        "p(95)": 181.40384999999998
      }
    },
    "http_req_receiving": {
      "values": {
        "max": 31.575,
        "p(90)": 0.11,
        "p(95)": 0.132,
        "avg": 0.18048407960198876,
        "min": 0.008,
        "med": 0.06
      },
      "type": "trend",
      "contains": "time"
    },
    "vus": {
      "type": "gauge",
      "contains": "default",
      "values": {
        "value": 4,
        "min": 4,
        "max": 10
      }
    },
    "http_req_tls_handshaking": {
      "type": "trend",
      "contains": "time",
      "values": {
        "avg": 0,
        "min": 0,
        "med": 0,
        "max": 0,
        "p(90)": 0,
        "p(95)": 0
      }
    },
    "http_req_blocked": {
      "type": "trend",
      "contains": "time",
      "values": {
        "max": 1.079,
        "p(90)": 0.006,
        "p(95)": 0.008,
        "avg": 0.00489402985074634,
        "min": 0,
        "med": 0.003
      }
    },
    "http_req_connecting": {
      "type": "trend",
      "contains": "time",
      "values": {
        "med": 0,
        "max": 0.46,
        "p(90)": 0,
        "p(95)": 0,
        "avg": 0.0005059203980099503,
        "min": 0
      }
    },
    "data_sent": {
      "type": "counter",
      "contains": "data",
      "values": {
        "count": 3242710,
        "rate": 13722.86281776627
      }
    },
    "vus_max": {
      "type": "gauge",
      "contains": "default",
      "values": {
        "max": 10,
        "value": 10,
        "min": 10
      }
    },
    "checks": {
      "type": "rate",
      "contains": "default",
      "values": {
        "rate": 1,
        "passes": 20100,
        "fails": 0
      }
    }
  },
  "root_group": {
    "checks": [
      {
        "name": "is status 200, fetchItems",
        "path": "::is status 200, fetchItems",
        "id": "a2f837da6261d10273a5fbd517609df4",
        "passes": 100,
        "fails": 0
      },
      {
        "fails": 0,
        "name": "is status 200, addItemToCart",
        "path": "::is status 200, addItemToCart",
        "id": "517fffb5d3ddfe65d6398d85732fb374",
        "passes": 10000
      },
      {
        "name": "is status 200, removeItemFromCart",
        "path": "::is status 200, removeItemFromCart",
        "id": "ebc7463bc0da4d42e0a3893f04499c1d",
        "passes": 10000,
        "fails": 0
      }
    ],
    "name": "",
    "path": "",
    "id": "d41d8cd98f00b204e9800998ecf8427e",
    "groups": []
  },
  "options": {
    "summaryTrendStats": [
      "avg",
      "min",
      "med",
      "max",
      "p(90)",
      "p(95)"
    ],
    "summaryTimeUnit": "",
    "noColor": false
  },
  "state": {
    "isStdOutTTY": true,
    "isStdErrTTY": true,
    "testRunDurationMs": 236299.819
  }
}